{
    "loss": 0.3335922062397003,
    "accuracy": 0.9482758641242981
}