{
    "loss": 0.5621371865272522,
    "accuracy": 0.931034505367279
}